<svg xmlns="http://www.w3.org/2000/svg" width="89" height="110" viewBox="0 0 89 110">
    <defs>
        <filter id="a" width="106.5%" height="117.6%" x="-3.3%" y="-8.8%" filterUnits="objectBoundingBox">
            <feOffset dy="4" in="SourceAlpha" result="shadowOffsetOuter1"/>
            <feGaussianBlur in="shadowOffsetOuter1" result="shadowBlurOuter1" stdDeviation="4"/>
            <feColorMatrix in="shadowBlurOuter1" result="shadowMatrixOuter1" values="0 0 0 0 0 0 0 0 0 0 0 0 0 0 0 0 0 0 0.08 0"/>
            <feMerge>
                <feMergeNode in="shadowMatrixOuter1"/>
                <feMergeNode in="SourceGraphic"/>
            </feMerge>
        </filter>
    </defs>
    <g fill="none" fill-rule="evenodd" filter="url(#a)" transform="translate(-312 -51)">
        <path fill="#A8A8A8" fill-rule="nonzero" d="M376 89c-9.372 0-17-7.625-17-17s7.628-17 17-17 17 7.625 17 17-7.628 17-17 17zm0-30.91c-7.669 0-13.91 6.241-13.91 13.91 0 7.669 6.241 13.91 13.91 13.91 7.669 0 13.91-6.241 13.91-13.91 0-7.669-6.241-13.91-13.91-13.91zm-.002 16.097l-5.089 5.089c-.3.3-.695.451-1.09.451-.396 0-.792-.151-1.095-.451a1.547 1.547 0 0 1 0-2.185l5.09-5.09-5.09-5.089a1.547 1.547 0 0 1 0-2.185 1.547 1.547 0 0 1 2.185 0l5.09 5.09 5.089-5.09a1.547 1.547 0 0 1 2.185 0 1.547 1.547 0 0 1 0 2.185l-5.09 5.09 5.09 5.089a1.547 1.547 0 0 1 0 2.185 1.552 1.552 0 0 1-2.185 0l-5.09-5.09z"/>
        <path stroke="#A8A8A8" stroke-linecap="round" stroke-linejoin="round" stroke-width="3" d="M376 94v50a3 3 0 0 1-3 3h-48a3 3 0 0 1-3-3V75a3 3 0 0 1 3-3h28"/>
        <path stroke="#A8A8A8" stroke-linecap="round" stroke-width="3" d="M332 84.5h18M332 108.5h34M332 132.5h34M332 96.5h34M332 120.5h34"/>
    </g>
</svg>
