<svg xmlns="http://www.w3.org/2000/svg" width="1116" height="346" viewBox="0 0 1116 346">
    <defs>
        <linearGradient id="a" x1="92.69%" x2="2.799%" y1="72.479%" y2="59.684%">
            <stop offset="0%" stop-color="#F6FDFF"/>
            <stop offset="100%" stop-color="#D8F1F7"/>
        </linearGradient>
        <linearGradient id="b" x1="23.669%" x2="66.308%" y1="61.612%" y2="67.556%">
            <stop offset="0%" stop-color="#F6FDFF"/>
            <stop offset="100%" stop-color="#C8EAF3"/>
        </linearGradient>
        <linearGradient id="c" x1="153.281%" x2="53.073%" y1="137.364%" y2="-11.999%">
            <stop offset="0%" stop-color="#61AA39"/>
            <stop offset="100%" stop-color="#9EE478"/>
        </linearGradient>
        <linearGradient id="d" x1="-26.23%" x2="65.151%" y1="94.69%" y2="29.472%">
            <stop offset="0%" stop-color="#698384"/>
            <stop offset="100%" stop-color="#B5CDCE"/>
        </linearGradient>
        <linearGradient id="e" x1="44.342%" x2="106.232%" y1="36.401%" y2="135.45%">
            <stop offset="0%" stop-color="#B9D1D2"/>
            <stop offset="100%" stop-color="#698384"/>
        </linearGradient>
        <linearGradient id="f" x1="59.347%" x2="95.269%" y1="244.935%" y2="58.227%">
            <stop offset="0%" stop-color="#61AA39"/>
            <stop offset="100%" stop-color="#9EE478"/>
        </linearGradient>
        <linearGradient id="g" x1="49.035%" x2="24.249%" y1="16.774%" y2="67.323%">
            <stop offset="0%" stop-color="#D7D6D6"/>
            <stop offset="100%" stop-color="#C0BFBF"/>
        </linearGradient>
        <linearGradient id="h" x1="69.809%" x2="-6.794%" y1="9.729%" y2="138.831%">
            <stop offset="0%" stop-color="#D8D7D7"/>
            <stop offset="100%" stop-color="#C0BFBF"/>
        </linearGradient>
        <linearGradient id="i" x1="50%" x2="62.837%" y1="60.655%" y2="92.915%">
            <stop offset="0%" stop-color="#FCD208"/>
            <stop offset="100%" stop-color="#FABC5F"/>
        </linearGradient>
        <linearGradient id="j" x1="54.114%" x2="39.269%" y1="89.695%" y2="100%">
            <stop offset="0%" stop-color="#FCD208"/>
            <stop offset="100%" stop-color="#FABC5F"/>
        </linearGradient>
        <linearGradient id="k" x1="52.21%" x2="41.844%" y1="29.681%" y2="58.586%">
            <stop offset="0%" stop-color="#1B1159"/>
            <stop offset="100%" stop-color="#35477C"/>
        </linearGradient>
        <linearGradient id="l" x1="57.949%" x2="30.659%" y1="26.691%" y2="120.583%">
            <stop offset="0%" stop-color="#1B1159"/>
            <stop offset="100%" stop-color="#35477C"/>
        </linearGradient>
        <linearGradient id="m" x1="15.807%" x2="93.876%" y1="55.423%" y2="35.577%">
            <stop offset="0%" stop-color="#8950AF"/>
            <stop offset="100%" stop-color="#693E86"/>
        </linearGradient>
        <linearGradient id="n" x1="8.424%" x2="101.172%" y1="107.395%" y2="19.807%">
            <stop offset="0%" stop-color="#949DA9"/>
            <stop offset="100%" stop-color="#B2B9C7"/>
        </linearGradient>
        <linearGradient id="o" x1="58.526%" x2="41.552%" y1="-25.677%" y2="120.815%">
            <stop offset="0%" stop-color="#F66D77"/>
            <stop offset="100%" stop-color="#EF394E"/>
        </linearGradient>
        <linearGradient id="p" x1="50.447%" x2="47.263%" y1="2.045%" y2="92.891%">
            <stop offset="0%" stop-color="#EF394E"/>
            <stop offset="100%" stop-color="#F66D77"/>
        </linearGradient>
        <linearGradient id="q" x1="60.383%" x2="64.999%" y1="28.033%" y2="75.666%">
            <stop offset="0%" stop-color="#F66D77"/>
            <stop offset="100%" stop-color="#EF394E"/>
        </linearGradient>
        <linearGradient id="r" x1="-11.244%" x2="116.554%" y1="42.718%" y2="77.882%">
            <stop offset="0%" stop-color="#F66D77"/>
            <stop offset="100%" stop-color="#EF394E"/>
        </linearGradient>
        <linearGradient id="s" x1="29.739%" x2="67.459%" y1="45.204%" y2="92.894%">
            <stop offset="0%" stop-color="#8950AF"/>
            <stop offset="100%" stop-color="#693E86"/>
        </linearGradient>
        <linearGradient id="t" x1="75.243%" x2="44.869%" y1="112.619%" y2="24.601%">
            <stop offset="0%" stop-color="#595D65"/>
            <stop offset="100%" stop-color="#232933"/>
        </linearGradient>
        <linearGradient id="u" x1="97.21%" x2="87.214%" y1="135.994%" y2="35.857%">
            <stop offset="0%" stop-color="#A1A3A8"/>
            <stop offset="100%" stop-color="#232933"/>
        </linearGradient>
        <linearGradient id="v" x1="23.16%" x2="50%" y1="62.907%" y2="38.325%">
            <stop offset="0%" stop-color="#C12A3C"/>
            <stop offset="100%" stop-color="#EF394E"/>
        </linearGradient>
        <linearGradient id="w" x1="46.45%" x2="48.512%" y1="28.554%" y2="38.81%">
            <stop offset="0%" stop-color="#C12A3C"/>
            <stop offset="100%" stop-color="#EF394E"/>
        </linearGradient>
    </defs>
    <g fill="none" fill-rule="evenodd">
        <g fill-rule="nonzero">
            <path fill="#D8F1F7" d="M831.973 207.945v-19.123h-58.3v19.123h-27.069v-75.64h-26.027V103h-58.3L626 132.305V350h232V207.945z"/>
            <path fill="url(#a)" d="M204.897 201.67v-19.967l-60.71-21.31v41.277H116l-.542-57.67L0 192.085V350h232V201.67z" transform="matrix(-1 0 0 1 232 0)"/>
            <path fill="#D8F1F7" d="M357 85.5v-30L320 7h-35.21v62L225 98.5V350h265l6-209.815-81-.185v-16.5l-35-38z"/>
            <path fill="#BBE0EA" d="M473.938 149.81l58.864 30.446v24.254l11.542 4.644V92.8h62.24l31.746-33.576L670 59v291H441l.044-155.295 32.838 24.319z"/>
            <path fill="url(#b)" d="M1080.623 206.986h-81.799v47.548H986.19V111.797L951.188 74.61l.257-33.957h-32.218L885.073.27 851 0v350h265V245.098z" transform="matrix(-1 0 0 1 1967 0)"/>
        </g>
        <path fill="#71B2C0" d="M961 351.429c0-20.195-51-59.929-77.52-36.91-26.518 23.019-61.98-24.019-76.48 36.91h154z"/>
        <g fill-rule="nonzero">
            <path fill="#71B2C0" d="M309.501 355.835L172.963 356c-14.424-14.79-15.697-56.624 13.15-42.257 28.848 14.368 10.607-2.535 31.202-25.354 20.596-22.818 51.1-15.634 41.766 1.69-9.333 17.326 0 26.622 19.09 17.326 19.091-9.297 46.754 17.747 31.33 48.43z"/>
            <path fill="#87D3E1" d="M232.526 356h149.28s3.027-44.638-14.877-45.145c-17.903-.507-15.886 19.783-38.329-8.116-22.442-27.898-49.676-26.377-53.206-9.891-3.53 16.485 6.808 29.674-12.104 25.616s-46.146 6.594-30.764 37.536z"/>
        </g>
        <path fill="#915B3C" d="M230.018 70.63c5.04 8.526 5.248 30.594-.82 32.361-2.42.705-7.675-.631-13.078-3.588l4.131 23.026-19.618.685 5.672-31.226c-3.919-4.221-6.655-9.466-6.438-15.459.626-17.264 25.11-14.326 30.151-5.8z"/>
        <path fill="#3D2216" d="M196.525 52.354c6.772-.237 12.45 4.976 12.683 11.643l-.008-.172c9.739-3.705 22.666-.224 21.23 7.714-.923 5.098-6.787 7.832-12.548 10.741-.913-1.443-2.591-2.381-4.477-2.315-2.78.097-4.957 2.337-4.864 5.004.033.96.357 1.845.887 2.58-1.91 1.755-3.23 3.834-3.474 6.48-3.174.11-8.626-8.888-7.236-17.654-.442.065-.893.105-1.35.121-6.772.237-12.45-4.976-12.683-11.643-.233-6.666 5.068-12.263 11.84-12.5z"/>
        <g fill-rule="nonzero">
            <path fill="#FFDE50" d="M273.507 125.18a7.24 7.24 0 0 1-4.332 9.276 7.226 7.226 0 0 1-5.808-.373 7.2 7.2 0 0 1-3.473-3.95 7.24 7.24 0 0 1 4.332-9.276 7.21 7.21 0 0 1 5.26.118 7.212 7.212 0 0 1 4.02 4.204z"/>
            <path fill="#FFEA94" d="M269.642 121.047l-6.12 13.108a7.268 7.268 0 0 1-1.286-.848l5.93-12.698c.508.094 1.002.24 1.476.439zM272.132 122.864l-5.616 12.03a7.235 7.235 0 0 1-2.083-.363l6.083-13.029a7.212 7.212 0 0 1 1.616 1.362z"/>
            <path fill="#FAA300" d="M271.99 125.731a5.626 5.626 0 0 1-3.338 7.186 5.626 5.626 0 0 1-7.216-3.27l-.024-.066a5.622 5.622 0 0 1 .946-5.578 5.633 5.633 0 0 1 5.32-1.937 5.622 5.622 0 0 1 4.311 3.665z"/>
            <path fill="#FFBD00" d="M269.152 122.491l-4.815 10.315a5.658 5.658 0 0 1-2.918-3.144l-.025-.066a5.69 5.69 0 0 1 1.506-6.14 5.698 5.698 0 0 1 6.252-.965z"/>
            <path fill="#FFEA94" d="M266.384 126.447a1.317 1.317 0 0 1 .852-1.493l2.294-.835.359.985-2.012.732c-.285.104-.45.405-.36.654l.55 1.512c.096.26.45.422.716.325l2.012-.732.357.981-2.293.835c-.638.232-1.3-.02-1.608-.58.126.627-.216 1.244-.848 1.474l-2.275.828-.357-.982 1.995-.726c.263-.096.43-.446.335-.707l-.55-1.512c-.091-.25-.409-.374-.691-.271l-1.996.726-.358-.986 2.274-.827a1.31 1.31 0 0 1 1.604.6z"/>
            <path fill="#FFDE50" d="M269.57 134.077a7.24 7.24 0 0 1-7.846 6.577 7.226 7.226 0 0 1-5.107-2.793 7.2 7.2 0 0 1-1.478-5.047 7.24 7.24 0 0 1 7.846-6.577 7.21 7.21 0 0 1 4.719 2.33 7.212 7.212 0 0 1 1.866 5.51z"/>
            <path fill="#FFEA94" d="M267.813 128.699l-11.086 9.293a7.268 7.268 0 0 1-.806-1.311l10.74-9.003c.421.3.807.642 1.153 1.021zM269.303 131.398l-10.174 8.529a7.235 7.235 0 0 1-1.735-1.209l11.02-9.238c.388.592.688 1.239.889 1.918z"/>
            <path fill="#FAA300" d="M267.962 133.936a5.626 5.626 0 0 1-6.062 5.102 5.626 5.626 0 0 1-5.158-6.014l.006-.069a5.622 5.622 0 0 1 3.215-4.656 5.633 5.633 0 0 1 5.64.494 5.622 5.622 0 0 1 2.359 5.143z"/>
            <path fill="#FFBD00" d="M266.76 129.8l-8.724 7.314a5.658 5.658 0 0 1-1.316-4.083l.006-.07a5.69 5.69 0 0 1 3.96-4.929 5.698 5.698 0 0 1 6.074 1.769z"/>
            <path fill="#FFEA94" d="M262.579 132.216a1.317 1.317 0 0 1 1.404-.994l2.431.213-.091 1.045-2.133-.187c-.302-.026-.579.177-.602.44l-.14 1.604c-.024.276.23.572.511.596l2.133.187-.091 1.04-2.432-.212c-.676-.06-1.17-.568-1.211-1.206-.152.622-.722 1.037-1.392.978l-2.411-.211.09-1.04 2.115.185c.28.024.579-.223.603-.5l.14-1.603c.023-.264-.212-.511-.512-.538l-2.115-.185.091-1.044 2.412.21a1.31 1.31 0 0 1 1.2 1.222z"/>
            <g>
                <path fill="#FFDE50" d="M281.474 122.847a7.24 7.24 0 0 1-9.281 4.323 7.226 7.226 0 0 1-4.21-4.02 7.2 7.2 0 0 1-.121-5.258 7.24 7.24 0 0 1 9.28-4.322 7.21 7.21 0 0 1 3.955 3.473 7.212 7.212 0 0 1 .377 5.804z"/>
                <path fill="#FFEA94" d="M281.17 117.197l-13.115 6.108a7.268 7.268 0 0 1-.44-1.476l12.705-5.916c.33.399.613.829.85 1.285zM281.91 120.19l-12.035 5.605a7.235 7.235 0 0 1-1.363-1.616l13.034-6.071c.223.672.345 1.374.363 2.082z"/>
                <path fill="#FAA300" d="M279.957 122.295a5.626 5.626 0 0 1-7.176 3.36 5.626 5.626 0 0 1-3.425-7.145l.023-.065a5.622 5.622 0 0 1 4.311-3.665 5.633 5.633 0 0 1 5.32 1.936 5.622 5.622 0 0 1 .947 5.579z"/>
                <path fill="#FFBD00" d="M279.866 117.989l-10.319 4.806a5.658 5.658 0 0 1-.215-4.284l.024-.066a5.69 5.69 0 0 1 5.1-3.736 5.698 5.698 0 0 1 5.41 3.28z"/>
                <path fill="#FFEA94" d="M275.202 119.24a1.317 1.317 0 0 1 1.614-.597l2.293.835-.358.986-2.012-.732c-.285-.104-.605.02-.695.269l-.55 1.512c-.096.26.073.612.339.709l2.011.732-.357.982-2.294-.835c-.637-.232-.984-.851-.858-1.479-.307.562-.965.815-1.597.585l-2.275-.828.357-.981 1.995.726c.263.096.616-.066.711-.327l.55-1.512c.091-.25-.072-.549-.354-.652l-1.996-.726.359-.985 2.274.827c.612.22.971.854.843 1.49z"/>
            </g>
            <g>
                <path fill="#FFDE50" d="M292.775 118.872a7.24 7.24 0 0 1-7.243 7.236 7.226 7.226 0 0 1-5.33-2.337 7.2 7.2 0 0 1-1.913-4.9 7.24 7.24 0 0 1 7.243-7.236 7.21 7.21 0 0 1 4.904 1.911 7.212 7.212 0 0 1 2.34 5.326z"/>
                <path fill="#FFEA94" d="M290.556 113.667l-10.234 10.224a7.268 7.268 0 0 1-.917-1.236l9.915-9.904c.445.262.86.569 1.237.917zM292.275 116.226l-9.391 9.383a7.235 7.235 0 0 1-1.834-1.052l10.172-10.163c.44.556.794 1.173 1.053 1.832z"/>
                <path fill="#FAA300" d="M291.16 118.872a5.626 5.626 0 0 1-5.593 5.611 5.626 5.626 0 0 1-5.663-5.542v-.07a5.622 5.622 0 0 1 2.798-4.918 5.633 5.633 0 0 1 5.662 0 5.622 5.622 0 0 1 2.797 4.919z"/>
                <path fill="#FFBD00" d="M289.603 114.857l-8.053 8.045a5.658 5.658 0 0 1-1.667-3.952v-.07a5.69 5.69 0 0 1 3.515-5.255 5.698 5.698 0 0 1 6.205 1.232z"/>
                <path fill="#FFEA94" d="M285.648 117.627a1.317 1.317 0 0 1 1.312-1.112h2.441v1.049h-2.14c-.304 0-.562.226-.562.49v1.61c0 .278.278.55.561.55h2.141v1.045h-2.44c-.68 0-1.216-.464-1.313-1.096-.096.633-.628 1.096-1.301 1.096h-2.42v-1.045h2.122c.28 0 .557-.272.557-.55v-1.61c0-.265-.256-.49-.557-.49h-2.123v-1.049h2.42a1.31 1.31 0 0 1 1.302 1.112z"/>
            </g>
            <g>
                <path fill="#FFDE50" d="M280.025 127.687a7.24 7.24 0 0 1-4.33 9.277 7.226 7.226 0 0 1-5.81-.373 7.2 7.2 0 0 1-3.472-3.95 7.24 7.24 0 0 1 4.331-9.277 7.21 7.21 0 0 1 5.262.119 7.212 7.212 0 0 1 4.02 4.204z"/>
                <path fill="#FFEA94" d="M276.16 123.555l-6.12 13.108a7.268 7.268 0 0 1-1.285-.848l5.93-12.698c.508.094 1.002.24 1.476.438zM278.65 125.372l-5.615 12.03a7.235 7.235 0 0 1-2.083-.363l6.082-13.03a7.212 7.212 0 0 1 1.617 1.363z"/>
                <path fill="#FAA300" d="M278.508 128.239a5.626 5.626 0 0 1-3.337 7.186 5.626 5.626 0 0 1-7.216-3.271l-.024-.065a5.622 5.622 0 0 1 .946-5.579 5.633 5.633 0 0 1 5.32-1.936 5.622 5.622 0 0 1 4.311 3.665z"/>
                <path fill="#FFBD00" d="M275.671 124.999l-4.815 10.315a5.658 5.658 0 0 1-2.918-3.144l-.025-.066a5.69 5.69 0 0 1 1.506-6.14 5.698 5.698 0 0 1 6.252-.965z"/>
                <path fill="#FFEA94" d="M272.902 128.955a1.317 1.317 0 0 1 .853-1.494l2.294-.835.358.986-2.011.732c-.286.104-.45.404-.36.653l.55 1.513c.095.26.45.421.716.324l2.012-.732.357.982-2.294.834c-.637.232-1.3-.02-1.607-.58.125.628-.216 1.244-.848 1.474l-2.275.828-.357-.981 1.995-.726c.263-.096.43-.447.335-.708l-.55-1.512c-.092-.25-.41-.374-.692-.27l-1.995.725-.359-.985 2.275-.828a1.31 1.31 0 0 1 1.603.6z"/>
            </g>
            <g>
                <path fill="#FFDE50" d="M290.598 126.799a7.24 7.24 0 0 1-7.491 6.979 7.226 7.226 0 0 1-5.246-2.522 7.2 7.2 0 0 1-1.74-4.963 7.24 7.24 0 0 1 7.49-6.98 7.21 7.21 0 0 1 4.835 2.082 7.212 7.212 0 0 1 2.152 5.404z"/>
                <path fill="#FFEA94" d="M288.562 121.52l-10.585 9.86a7.268 7.268 0 0 1-.874-1.267l10.255-9.552c.436.277.84.598 1.205.96v-.001zM290.19 124.137l-9.713 9.05a7.235 7.235 0 0 1-1.796-1.116l10.521-9.802c.42.57.753 1.2.989 1.868z"/>
                <path fill="#FAA300" d="M288.984 126.742a5.626 5.626 0 0 1-5.786 5.413 5.626 5.626 0 0 1-5.465-5.736l.002-.07a5.622 5.622 0 0 1 2.967-4.817 5.633 5.633 0 0 1 5.659.197 5.622 5.622 0 0 1 2.623 5.013z"/>
                <path fill="#FFBD00" d="M287.568 122.675l-8.33 7.76a5.658 5.658 0 0 1-1.528-4.008l.003-.07a5.69 5.69 0 0 1 3.696-5.13 5.698 5.698 0 0 1 6.159 1.448z"/>
                <path fill="#FFEA94" d="M283.519 125.306a1.317 1.317 0 0 1 1.35-1.066l2.44.086-.037 1.048-2.14-.075c-.303-.01-.569.206-.578.47l-.056 1.61c-.01.277.259.559.542.569l2.14.074-.037 1.044-2.44-.085c-.678-.024-1.198-.505-1.273-1.14-.118.629-.666 1.072-1.339 1.049l-2.419-.085.037-1.044 2.121.075c.28.01.566-.253.576-.53l.056-1.61c.01-.264-.239-.499-.54-.51l-2.121-.073.036-1.048 2.42.084a1.31 1.31 0 0 1 1.262 1.157z"/>
            </g>
            <g>
                <path fill="#FFDE50" d="M310.158 133.059a7.24 7.24 0 0 1-7.243 7.236 7.226 7.226 0 0 1-5.33-2.337 7.2 7.2 0 0 1-1.913-4.9 7.24 7.24 0 0 1 7.243-7.236 7.21 7.21 0 0 1 4.904 1.911 7.212 7.212 0 0 1 2.34 5.326z"/>
                <path fill="#FFEA94" d="M307.94 127.854l-10.235 10.224a7.268 7.268 0 0 1-.917-1.236l9.915-9.904c.445.261.86.568 1.237.916zM309.659 130.413l-9.392 9.383a7.235 7.235 0 0 1-1.834-1.053l10.172-10.163c.44.556.794 1.174 1.054 1.833z"/>
                <path fill="#FAA300" d="M308.544 133.058a5.626 5.626 0 0 1-5.594 5.612 5.626 5.626 0 0 1-5.662-5.542v-.07a5.622 5.622 0 0 1 2.797-4.918 5.633 5.633 0 0 1 5.662 0 5.622 5.622 0 0 1 2.797 4.918z"/>
                <path fill="#FFBD00" d="M306.986 129.043l-8.053 8.046a5.658 5.658 0 0 1-1.667-3.952v-.07a5.69 5.69 0 0 1 3.515-5.256 5.698 5.698 0 0 1 6.205 1.232z"/>
                <path fill="#FFEA94" d="M303.031 131.814a1.317 1.317 0 0 1 1.312-1.112h2.441v1.049h-2.14c-.304 0-.562.226-.562.49v1.61c0 .277.278.55.561.55h2.141v1.044h-2.44c-.679 0-1.216-.463-1.313-1.095-.096.633-.628 1.095-1.301 1.095h-2.42v-1.044h2.122c.28 0 .557-.273.557-.55v-1.61c0-.265-.256-.49-.557-.49h-2.123v-1.05h2.42a1.31 1.31 0 0 1 1.302 1.113z"/>
            </g>
            <g>
                <path fill="#FFDE50" d="M303.58 126.743a7.24 7.24 0 0 1-8.39 5.869 7.226 7.226 0 0 1-4.843-3.228 7.2 7.2 0 0 1-1.033-5.156 7.24 7.24 0 0 1 8.39-5.869 7.21 7.21 0 0 1 4.497 2.734 7.212 7.212 0 0 1 1.38 5.65z"/>
                <path fill="#FFEA94" d="M302.299 121.232l-11.854 8.292a7.268 7.268 0 0 1-.69-1.377l11.485-8.031c.393.335.748.709 1.06 1.117h-.001zM303.547 124.051l-10.878 7.61a7.235 7.235 0 0 1-1.623-1.355l11.782-8.242c.336.623.579 1.293.72 1.987z"/>
                <path fill="#FAA300" d="M301.99 126.463a5.626 5.626 0 0 1-6.483 4.555 5.626 5.626 0 0 1-4.614-6.441l.012-.069a5.622 5.622 0 0 1 3.609-4.358 5.633 5.633 0 0 1 5.576.984 5.622 5.622 0 0 1 1.9 5.329z"/>
                <path fill="#FFBD00" d="M301.153 122.238l-9.327 6.525a5.658 5.658 0 0 1-.956-4.182l.012-.068a5.69 5.69 0 0 1 4.374-4.566 5.698 5.698 0 0 1 5.897 2.291z"/>
                <path fill="#FFEA94" d="M296.778 124.28a1.317 1.317 0 0 1 1.485-.867l2.404.424-.182 1.032-2.109-.371c-.299-.053-.592.125-.638.385l-.28 1.586c-.047.273.18.59.458.639l2.108.371-.181 1.029-2.404-.424c-.668-.118-1.117-.667-1.102-1.307-.205.607-.809.97-1.472.853l-2.383-.42.181-1.029 2.09.369c.277.049.596-.172.644-.445l.28-1.585c.046-.261-.167-.528-.463-.58l-2.091-.369.182-1.033 2.384.42a1.31 1.31 0 0 1 1.089 1.322z"/>
            </g>
            <g>
                <path fill="#FFDE50" d="M298.155 127.897a7.24 7.24 0 0 1 .888 10.2 7.226 7.226 0 0 1-5.217 2.581 7.2 7.2 0 0 1-4.982-1.684 7.24 7.24 0 0 1-.888-10.2 7.21 7.21 0 0 1 4.616-2.528 7.212 7.212 0 0 1 5.583 1.631z"/>
                <path fill="#FFEA94" d="M292.742 126.251l1.254 14.412a7.268 7.268 0 0 1-1.537-.092l-1.214-13.961a7.237 7.237 0 0 1 1.498-.359h-.001zM295.807 126.58l1.151 13.225a7.235 7.235 0 0 1-1.985.728l-1.246-14.325c.708.021 1.409.146 2.08.371z"/>
                <path fill="#FAA300" d="M297.117 129.134a5.626 5.626 0 0 1 .703 7.892 5.626 5.626 0 0 1-7.885.775l-.053-.044a5.622 5.622 0 0 1-1.97-5.304 5.633 5.633 0 0 1 3.64-4.338 5.622 5.622 0 0 1 5.565 1.019z"/>
                <path fill="#FFBD00" d="M293.04 127.746l.987 11.341a5.658 5.658 0 0 1-4.1-1.263l-.053-.045a5.69 5.69 0 0 1-1.766-6.071 5.698 5.698 0 0 1 4.932-3.962z"/>
                <path fill="#FFEA94" d="M292.62 132.557a1.317 1.317 0 0 1-.008-1.72l1.57-1.87.802.674-1.376 1.64c-.195.233-.187.575.016.746l1.232 1.034c.213.178.6.14.783-.076l1.376-1.64.8.671-1.57 1.87c-.435.52-1.135.633-1.682.3.423.482.436 1.186.003 1.702l-1.556 1.854-.8-.671 1.365-1.627c.18-.214.148-.601-.064-.78l-1.233-1.034c-.203-.17-.54-.12-.734.11l-1.365 1.627-.803-.674 1.556-1.854a1.31 1.31 0 0 1 1.689-.282z"/>
            </g>
            <g>
                <path fill="#FFDE50" d="M287.705 137.064a7.24 7.24 0 0 1-7.243 7.236 7.226 7.226 0 0 1-5.33-2.337 7.2 7.2 0 0 1-1.913-4.9 7.24 7.24 0 0 1 7.243-7.236 7.21 7.21 0 0 1 4.904 1.911 7.212 7.212 0 0 1 2.34 5.326z"/>
                <path fill="#FFEA94" d="M285.486 131.859l-10.234 10.224a7.268 7.268 0 0 1-.917-1.236l9.915-9.904c.445.262.86.569 1.237.917v-.001zM287.205 134.418l-9.391 9.383a7.235 7.235 0 0 1-1.834-1.052l10.172-10.163c.44.556.794 1.173 1.053 1.832z"/>
                <path fill="#FAA300" d="M286.09 137.064a5.626 5.626 0 0 1-5.593 5.61 5.626 5.626 0 0 1-5.663-5.54v-.07a5.622 5.622 0 0 1 2.797-4.919 5.633 5.633 0 0 1 5.662 0 5.622 5.622 0 0 1 2.798 4.919z"/>
                <path fill="#FFBD00" d="M284.533 133.049l-8.053 8.045a5.658 5.658 0 0 1-1.667-3.952v-.07a5.69 5.69 0 0 1 3.515-5.255 5.698 5.698 0 0 1 6.205 1.232z"/>
                <path fill="#FFEA94" d="M280.578 135.82a1.317 1.317 0 0 1 1.312-1.113h2.441v1.049h-2.14c-.304 0-.562.226-.562.49v1.61c0 .278.278.55.561.55h2.141v1.045h-2.44c-.68 0-1.216-.464-1.313-1.096-.097.633-.628 1.096-1.301 1.096h-2.42v-1.045h2.122c.28 0 .557-.272.557-.55v-1.61c0-.265-.256-.49-.557-.49h-2.123v-1.049h2.42a1.31 1.31 0 0 1 1.302 1.112z"/>
            </g>
            <path fill="#784931" d="M255.24 134.915c0 8.588 0 15.55 27.46 15.55s27.46-6.962 27.46-15.55"/>
        </g>
        <path fill="#915B3C" d="M180.091 140.26l13.905.295c-15.845 33.872-24.108 51.608-24.789 53.207-1.533 3.598 1.48 9.17 2.758 12.158-4.364 1.853-3.778-5.28-9.285-2.846-5.027 2.221-8.894 6.337-14.594 2.7-.7-.447-1.448-2.098.45-3.345 4.728-3.106 11.559-8.567 12.5-10.388 1.285-2.482 7.637-19.742 19.055-51.78zm82.818 5.378c8.311-4.916 12.618-6.673 12.922-5.273.457 2.1-2.353 2.85-2.274 4.318.079 1.467 4.104 2.707 7.974 3.72 3.87 1.014 2.195 2.313 1.002 2.828-4.64.975-10.092 1.245-16.36.811l-26.478 8.232-.709-13.185c4.629.86 8.08 1.222 10.354 1.084 3.042-.184 7.565-1.03 13.57-2.535z"/>
        <path fill="url(#c)" d="M51.91 1.743C35.183 19.589 20.26 49.814 18.854 89.583l26.681-1.113c.982-36.928-4.105-48.332 10.456-76.598L51.91 1.742z" transform="rotate(6 -871.99 1495.61)"/>
        <g>
            <path fill="#915B3C" d="M180.58 181.393c1.256 17.034 82.175 67.183 82.647 68.59.21.626-8.186 20.394-25.187 59.306l7.073 2.731c26.077-41.21 38.446-64.01 37.106-68.402-1.917-6.287-22.845-26.968-62.783-62.044l-38.856-.181z"/>
            <path fill="url(#d)" d="M62.754 125.791l3.203 11.856c36.33 4.29 60.257-.812 68.66-8.82 5.603-5.34 10.553-34.266 14.852-86.78L125.788 8.226c-31.506 23.78-12.448 101.996-13.25 103.782-.801 1.785-19.95 3.142-49.784 13.783z" transform="rotate(-55 319.135 42.998)"/>
            <path fill="#9ADE75" d="M235.383 308.296c-1.102 1.431-1.8 2.552-2.095 3.362-.431 1.185-1.017 3.054-1.755 5.606l36.748 13.375c2.114-2.837 2.189-4.757.224-5.76a214.779 214.779 0 0 1-4.877-2.554l-15.088-13.816a1.083 1.083 0 0 0-1.533.07l-1.828 2.015c-1.55.033-2.92-.167-4.11-.6-.74-.27-1.52-.871-2.342-1.806a2.166 2.166 0 0 0-3.344.108z"/>
            <path fill="#915B3C" d="M189.884 181.393l-36.047 85.985-35.429 72.693h8.36l91.45-158.678z"/>
            <path fill="#9ADE75" d="M117.56 337.719c-.578 1.679-.867 2.965-.867 3.86 0 1.262.209 3.103.625 5.523h39.107c1.016-3.39.43-5.22-1.76-5.49-2.19-.27-4.008-.514-5.457-.732l-17.805-8.008a1.083 1.083 0 0 0-1.447.578l-1.016 2.487c-2.027.954-3.674 1.43-4.94 1.43-.89 0-2.071-.312-3.545-.937a2.166 2.166 0 0 0-2.895 1.289z"/>
            <path fill="url(#e)" d="M5.608 163.57l18.573 3.46c14.36-20.977 74.461-106.994 81.05-147.037H63.884C41.878 48.94 19.297 142.245 5.608 163.57z" transform="translate(116 161.4)"/>
        </g>
        <path fill="#9EE478" d="M175.5 183l49.45-.18c-5.08-22.746-7.427-42.924-7.427-73.862l-14.808-3.332C189.682 125.6 177.5 147 175.5 183z"/>
        <path fill="url(#f)" d="M84.22 72.898l14.576.23c6.618 24.015 13.579 40.47 42.662 34.413l1.98 21.428c-40.664 12.573-62.63 2.449-60.612-31.858.19-3.236-.35-3.984 1.394-24.213z" transform="rotate(5 -252.652 1450.448)"/>
        <g>
            <path fill="#D4A181" d="M625.952 39.77c-4.746 8.79-4.182 31.089 1.951 32.66 2.451.628 7.676-.914 12.99-4.102l-.904 6.427 12.977-1.114-2.629-13.132c3.822-4.42 6.42-9.852 5.99-15.944-1.23-17.417-25.63-13.586-30.375-4.795z"/>
            <path fill="#191847" d="M654.872 40.106c-4.48-18.301-29.842-6.94-34.722-10.027-1.067 6.644 2.373 12 14.468 10.966 2.67 1.482 4.568 4.26 6.854 7.906a4.92 4.92 0 0 1 1.797-.338c2.714 0 4.914 2.187 4.914 4.884 0 1.369-.567 2.606-1.48 3.493a74.226 74.226 0 0 0 3.871 4.98c5.444-3.246 9.494-12.699 4.315-21.831z"/>
            <path fill="#D4A181" d="M661.78 155.23l-38.998 98.99-26.157 83.687h-10.328l39.987-182.676z"/>
            <path fill="#D4A181" d="M669.634 155.23c.415 34.786 6.471 81.62 7.439 83.788.645 1.445 22.913 19.828 66.806 55.148l-7.114 7.635c-51.789-30.283-78.882-47.444-81.278-51.483-3.595-6.058-15.298-61.809-24.695-95.087h38.842z"/>
            <path fill="#FCD208" d="M752.658 296.382l-10.58-7.239c-1.95 4.458-5.663 8.357-11.14 11.696-.723 9.08-3.951 18.214-9.685 27.403a2 2 0 0 0 .876 2.882l3.239 1.459 18.006-20.787 9.84-12.63-.556-2.784zM602.284 343.718l-.556-13.365c-4.669 1.372-10.053.815-16.152-1.67-7.441 5.297-16.551 8.89-27.33 10.78a2 2 0 0 0-1.58 2.513l.987 3.496 27.406.204 16.112.27 1.113-2.228z"/>
            <path fill="url(#g)" d="M120.44 174.057l49.108-5.345L133.153 0H89.17z" transform="matrix(-1 0 0 1 756 155.23)"/>
            <path fill="url(#h)" d="M22.28 126.619l32.211 38.237c33.928-37.162 53.708-61.41 59.34-72.744 5.633-11.334 10.696-42.038 15.19-92.112H79.503c-2.455 44.053-4.11 67.104-4.965 69.154-.854 2.05-18.274 21.205-52.259 57.465z" transform="matrix(-1 0 0 1 756 155.23)"/>
            <g>
                <path fill="#D4A181" d="M693.891 142.02l-14.68.565c10.097 28.892 15.538 44.22 16.324 45.981 1.767 3.965-1.457 10.207-2.812 13.549 4.867 1.974 4.077-5.932 10.22-3.335 5.609 2.371 9.97 6.868 16.205 2.722.767-.51 1.562-2.356-.563-3.704-5.295-3.359-12.963-9.293-14.042-11.296-1.47-2.731-5.021-17.559-10.652-44.482zM568.52 121.889c-7.803-7.698-12.062-10.82-12.777-9.366-1.071 2.181 1.814 3.782 1.329 5.371-.485 1.59-5.248 1.84-9.778 1.882-4.53.044-3.041 1.934-1.869 2.829 4.836 2.354 10.759 4.158 17.767 5.414l26.879 16.363 4.359-14.285z"/>
                <path fill="url(#i)" fill-rule="nonzero" d="M67.028 9.143l7.068-2.295c16.188 13.139 24.427 46.56 34.775 50.284 9.784 3.52 22.746-1.849 38.095-8.91l5.799 10.393c-13.037 16.8-42.56 32.613-55.647 26.205-20.925-10.244-28.69-51.372-30.09-75.677z" transform="scale(-1 1) rotate(5 -1062.088 -8170.619)"/>
                <path fill="#F2F2F2" fill-rule="nonzero" d="M676.914 162.739c-23.64-.065-41.958-.097-54.952-.097-2.781 0-2.257-4.007-1.855-6.029 4.64-23.334 19.938-55.686 19.882-81.876l12.42-2.766c9.468 23.944 21.638 52.28 24.505 90.768z"/>
                <path fill="url(#j)" fill-rule="nonzero" d="M41.492 108.011l46.465.246c7.07-17.828 2.72-53.178-13.049-106.05L68.058.872C54.933 24.24 44.057 69.41 41.492 108.011z" transform="matrix(-1 0 0 1 720.634 70.876)"/>
                <path fill="#FCD208" fill-rule="nonzero" d="M652.664 72.31l-4.55 5.196c23.075 57.555 31.315 91.224 44.913 109.464l12.9-1.597c-4.65-51.298-15.673-86.165-53.263-113.063z"/>
            </g>
            <g>
                <path fill="#B28B67" d="M439.044 43.107c4.556 8.444 4.015 29.862-1.874 31.371-2.348.602-7.351-.872-12.443-3.923l3.196 22.48h-18.87l6.496-30.106c-3.623-4.228-6.075-9.41-5.665-15.216 1.18-16.73 24.603-13.05 29.16-4.606z"/>
                <path fill="#3D2216" d="M447.404 31.402c-.391-1.366-1.442-2.535-2.859-2.882a3.786 3.786 0 0 0-1.051-.104c-.127.005-.163.041-.222-.047-.044-.065-.045-.225-.063-.302a5.667 5.667 0 0 0-.214-.704c-.296-.784-.794-1.477-1.394-2.061-1.123-1.093-2.64-1.847-4.217-1.984-.863-.075-1.72.065-2.536.344a10.07 10.07 0 0 0-1.23.523c-.12.06-.51.353-.63.334-.134-.02-.401-.35-.51-.432-1.337-1.02-2.99-1.422-4.655-1.41-1.881.014-3.692.108-5.26 1.248a10.507 10.507 0 0 0-1.409 1.24 6.937 6.937 0 0 0-.257.294c-.14.17-.118.226-.315.107-.755-.456-1.63-.67-2.51-.562a5.644 5.644 0 0 0-1.516.426c-.165.07-.546.35-.721.352-.174.002-.55-.256-.729-.322a6.008 6.008 0 0 0-3.029-.279c-1.05.17-2.08.586-2.97 1.161-.428.277-.8.584-1.1.995-.13.178-.247.366-.394.53-.086.097-.256.196-.302.318.028-.073-1.148-.523-1.259-.552a3.118 3.118 0 0 0-1.77.067c-1.089.356-2.025 1.154-2.794 1.973-.395.42-.74.885-1.034 1.38-.14.237-.27.481-.387.73-.057.121-.095.272-.17.38-.097.141-.162.144-.337.205a5.45 5.45 0 0 0-2.32 1.544 5.305 5.305 0 0 0-1.202 2.533c-.01.055-.016.282-.048.312-.044.04-.223.022-.291.03a6.155 6.155 0 0 0-.697.123c-.424.1-.837.246-1.227.438-1.52.748-2.608 2.15-3.14 3.728-.558 1.656-.549 3.554.119 5.179.108.262.236.517.387.758.092.148.122.149.062.304-.067.173-.19.34-.269.51a7.28 7.28 0 0 0-.555 1.73c-.188.98-.281 2.007-.096 2.993.086.458.236.906.465 1.314a3.767 3.767 0 0 0 .661.859c.051.05.118.093.161.148.106.135.128.024.073.222-.076.277-.248.55-.354.82-.109.277-.207.558-.297.842a12.375 12.375 0 0 0-.433 1.757c-.185 1.144-.152 2.363.392 3.413.233.449.566.843.971 1.149.198.15.413.28.638.385.116.055.264.078.316.19.057.12-.027.357-.046.49-.168 1.164-.252 2.385.096 3.525a4.873 4.873 0 0 0 1.942 2.592c1.777 1.19 4.171 1.123 6.038.17a6.34 6.34 0 0 0 1.348-.921c1.034 1.384 3.162 1.34 4.674.946 1.883-.491 3.394-1.793 4.264-3.504 1.19 1.441 3.689.974 4.514-.59.202-.382.322-.803.381-1.23.031-.224.011-.45.035-.673.03-.284.22-.56.33-.834a4.578 4.578 0 0 0 .35-1.661c.004-.3-.035-.594-.063-.892-.026-.269.049-.519.091-.784-.483.08-1.071-.05-1.526-.19-.447-.136-.865-.496-1.18-.825-.732-.763-1.179-1.763-1.484-2.759-.671-2.185-.396-4.806 1.814-6.006 1.03-.558 4.115-.557 5.342-.28 1.29.29 2.752 3.12 2.824 3.385.044.165.022.368.174.478.334.241.885-.177 1.132-.384.425-.356.729-.83.991-1.311a16.172 16.172 0 0 0 1.36-3.317c.252-.884.413-1.796.741-2.657.327-.857.843-1.623 1.644-2.109.872-.528 1.871-.806 2.828-1.138.949-.33 1.881-.731 2.616-1.43.162-.153.32-.316.45-.497.102-.142.204-.416.36-.506.243-.14.599.225.81.358 1.037.656 1.903 1.57 2.602 2.569.695.993 1.265 1.95 1.728 3.058.344.823.558 1.877 1.162 2.551.27.301 2.276.483 2.925.22.65-.262 1.378-.945 1.596-1.373.223-.437.276-.918.18-1.398-.055-.282-.17-.545-.232-.822-.053-.232-.101-.452-.215-.665a1.65 1.65 0 0 0-1.03-.816 4.807 4.807 0 0 0 1.112-1.499c.276-.59.51-1.306.576-1.953.054-.525-.03-1.07-.319-1.521-.303-.474-.84-.783-1.306-1.078a8.467 8.467 0 0 0 1.819-1.97c.972-1.447 1.573-3.27 1.08-4.996z"/>
                <path fill="url(#k)" fill-rule="nonzero" d="M43.946 0l28.538 99.601 20.822 73.412 16.188.24L86.366 0z" transform="translate(351 158.744)"/>
                <path fill="url(#l)" fill-rule="nonzero" d="M36.314 0c-.66 51.336-2.91 79.336-3.604 84-.693 4.664-10.774 34.575-31.04 89.253l15.335-.24C42.805 120.56 49.01 113.67 60.21 84c11.2-29.67 12.276-34.888 26.241-84H36.314z" transform="translate(351 158.744)"/>
                <path fill="#1B1159" d="M351.835 345.848l.786-16.371h16.489c7.818 5.457 17.283 9.874 28.395 13.253v3.118h-27.61l-10.208-1.559v1.56h-7.852zM442.84 345.848l.785-16.371h16.489c7.818 5.457 17.283 9.874 28.395 13.253v3.118h-27.61l-10.208-1.559v1.56h-7.852z"/>
                <g>
                    <path fill="#B28B67" d="M440.29 113.239l27.337-14.946c4.545-5.388 9.024-9.573 13.436-12.554 1.348-.562 3.706-.902 1.501 3.004s-4.348 8.114-3.225 9.318c1.124 1.203 3.925-.478 5.265 1.521.893 1.333-3.892 3.44-14.356 6.318l-19.862 18.154-10.095-10.815z"/>
                    <path fill="url(#m)" d="M43.446 30.655c9.473 1.398 22.4 1.402 37.205-4.993l3.421 12.6c-10.737 7.725-24.984 13.212-36.345 11.085-8.953-1.676-11.829-13.262-4.281-18.692z" transform="rotate(-9 738.723 -2366.337)"/>
                    <path fill="#8950AF" fill-rule="nonzero" d="M385.53 187.77c14.233-2.797 54.024.557 56.994-4.834 9.84-18.554-12.995-75.91-16.616-106.538l-13.088.335c-2.396 0-32.86 27.508-27.29 111.037z"/>
                </g>
                <g>
                    <path fill="url(#n)" d="M5 33.5c2-3 59.5-5 61-2.5 2.08 3.537-2 40-6.5 46-5 2-44.5 3-49.5.5-8.5-8.5-7.217-40.574-5-44z" transform="translate(465 35)"/>
                    <path fill="url(#o)" d="M31.332 28.551l.45 30.255-9.94 6.516 3.99-36.77z" transform="rotate(11 75.448 2482.257)"/>
                    <path fill="url(#p)" d="M39.29 29.193l7.203 42.445-11.112-5.725-1.59-36.72z" transform="rotate(-11 457.08 -2349.441)"/>
                    <path fill="url(#q)" d="M33.761 24.36c-2.496-4.162-4.733-7.359-6.71-9.59-5.032-5.898-10.607-8.028-16.724-6.389-9.176 2.459-8.072 10.445-7.425 12.86.647 2.415 3.46 8.134 12.282 9.132 5.882.666 12.58-.093 20.095-2.278l-1.518-3.734z" transform="rotate(15 116.984 1805.154)"/>
                    <path fill="url(#r)" d="M62.354 23.987c-3.666-5.892-6.487-9.953-8.465-12.184-4.946-5.577-9.994-7.675-15.146-6.294-7.727 2.07-11.392 7.71-10.546 14.731.846 7.02 6.452 8.624 14.356 9.053 5.269.286 12.375-.238 21.32-1.571l-1.519-3.735z" transform="scale(-1 1) rotate(15 -367.474 -2082.444)"/>
                </g>
                <g>
                    <path fill="#B28B67" d="M483.104 122.507l12.007-6.585c1.685-6.4 3.699-9.619 6.042-9.659 1.8-.836-1.335 7.25 2.078 6.55 3.412-.702 11.74-6.885 13.175-5.63 2.123 1.857.23 7.56-2 10.397-4.169 5.303-7.62 7.116-16.151 9.49-4.46 1.242-9.283 3.73-14.468 7.465l-.683-12.028z"/>
                    <path fill="url(#s)" d="M29.39.581c-1.212 25.766 3.13 40.345 13.026 43.738 9.896 3.392 27.533.582 52.909-8.432 5.935 12.256 8.678 20.994 8.23 26.213C19.013 106.184-17.193 63.637 9.341 9.49L29.39.582z" transform="translate(395.682 80.83)"/>
                </g>
            </g>
        </g>
        <g>
            <path fill="#D4A181" d="M917.635 190.207l-48.66 80.866-36.481 68.365h-7.858l61.125-149.23z"/>
            <path fill="#191847" d="M838.664 344.114l-.655-10.307c-3.833 1.095-8.633.666-14.401-1.288-5.997 4.148-13.495 7.024-22.493 8.628a2.166 2.166 0 0 0-1.7 2.737l.627 2.162h37.312l1.31-1.932z"/>
            <path fill="url(#t)" d="M161.374 138.283l15.154-4.556c-6.64-19.73-14.777-41.44-24.412-65.134C142.481 44.9 132.133 22.036 121.072 0H78.273c12.297 27.874 25.334 53.202 39.11 75.982s28.44 43.548 43.991 62.301z" transform="matrix(-1 0 0 1 1004 190.207)"/>
            <path fill="#D4A181" d="M920.833 190.207c4.593 28.417 13.45 64.723 14.287 65.843.557.747 20.62 7.43 60.189 20.048l-1.698 6.888c-47.185-6.767-72.048-12.018-74.588-15.751-3.81-5.6-22.833-49.842-30.201-77.028h32.011z"/>
            <path fill="url(#u)" d="M22.6 79.937l2.99 11.093c35.292 3.077 56.916.854 64.873-6.67 7.956-7.523 17.024-35.643 27.203-84.36H76.855C70.405 39.893 66.8 60.677 66.038 62.351c-.762 1.675-15.241 7.537-43.438 17.586z" transform="matrix(-1 0 0 1 1004 190.207)"/>
            <path fill="#191847" d="M1001.535 271.837l-10.263-1.145c.412 3.965-.844 8.618-3.77 13.959 3.044 6.626 4.575 14.509 4.592 23.65a2.166 2.166 0 0 0 2.4 2.149l2.238-.243 4.092-23.207 2.387-13.538-1.676-1.625z"/>
            <g>
                <path fill="#D4A181" d="M867.422 98.503c-3.655 7.871-1.814 27.06 3.69 28.037 2.194.39 6.697-1.255 11.181-4.321l-1.524 20.382 17.331-1.212-7.855-26.604c3.062-4.027 4.988-8.836 4.248-14.02-2.135-14.94-23.417-10.133-27.071-2.262z"/>
                <path fill="#784931" d="M891.812 118.073c1.518-9.555 7.267-16.398 6.027-20.535-.827-2.758-2.63-4.382-5.41-4.874-1.803-5.456-6.526-7.5-14.17-6.132-11.467 2.052-18.192 7.207-14.43 17.252 2.8-.195 6.11-1.415 10.901-.057 1.52.431 2.697 2.015 3.53 4.753l2.111-.148c1.819-3.445 3.755-4.799 5.808-4.063 2.053.735 2.655 2.83 1.805 6.28l1.582 7.68 2.246-.156z"/>
            </g>
            <g>
                <g fill-rule="nonzero">
                    <path fill="#FFDE50" d="M794.196 73.408c0 9.055 7.372 16.396 16.465 16.396a16.451 16.451 0 0 0 12.118-5.296 16.287 16.287 0 0 0 4.347-11.1c0-9.056-7.373-16.397-16.465-16.397a16.42 16.42 0 0 0-11.147 4.33 16.318 16.318 0 0 0-5.318 12.067z"/>
                    <path fill="#FFEA94" d="M799.24 61.614l23.264 23.168a16.471 16.471 0 0 0 2.086-2.802L802.05 59.54a16.447 16.447 0 0 0-2.812 2.076h.001zM795.332 67.413l21.35 21.261a16.46 16.46 0 0 0 4.168-2.385L797.726 63.26a16.328 16.328 0 0 0-2.394 4.152z"/>
                    <path fill="#FAA300" d="M797.866 73.408c.015 6.995 5.691 12.67 12.716 12.714 7.024.043 12.77-5.562 12.872-12.557v-.157a12.731 12.731 0 0 0-6.359-11.145 12.84 12.84 0 0 0-12.87 0 12.731 12.731 0 0 0-6.36 11.145z"/>
                    <path fill="#FFBD00" d="M801.407 64.31l18.306 18.23a12.908 12.908 0 0 0 2.89-4.382c.578-1.457.883-3.007.9-4.573v-.16c0-5.212-3.154-9.912-7.99-11.907a12.984 12.984 0 0 0-14.106 2.792z"/>
                    <path fill="#FFEA94" d="M810.397 70.587a2.992 2.992 0 0 0-2.983-2.52h-5.548v2.377h4.866c.69 0 1.276.512 1.276 1.112v3.647c0 .629-.632 1.246-1.276 1.246h-4.866v2.367h5.548c1.542 0 2.764-1.05 2.983-2.483.22 1.435 1.428 2.483 2.958 2.483h5.502v-2.367h-4.825c-.637 0-1.265-.617-1.265-1.246v-3.647c0-.601.581-1.112 1.265-1.112h4.827v-2.376h-5.502a2.974 2.974 0 0 0-2.96 2.52z"/>
                </g>
                <path fill="#D4A181" d="M925.138 100.883l-10.762 1.663c3.776-27.189 5.853-41.593 6.231-43.21.852-3.642-2.911-8.382-4.61-10.98 3.81-2.473 4.436 4.337 9.23 1.127 4.375-2.93 7.343-7.449 13.32-4.978.736.304 1.714 1.732.13 3.222-3.948 3.713-9.49 9.992-10.077 11.863-.802 2.55-1.955 16.315-3.462 41.293zm-97.316 16.499l-13.339-20.239c-4.468-3.157-7.999-6.349-10.593-9.575-.522-1.01-.937-2.824 2.232-1.385 3.168 1.439 6.567 2.808 7.427 1.846.86-.962-.623-3.025.84-4.212.976-.792 2.916 2.787 5.82 10.738l15.345 14.183-7.732 8.644z"/>
                <path fill="#D4A181" d="M925.372 100.883l-10.763 1.663c3.776-27.19 5.853-41.593 6.232-43.211.851-3.641-2.912-8.381-4.611-10.98 3.811-2.472 4.437 4.338 9.23 1.128 4.376-2.93 7.343-7.449 13.321-4.978.735.304 1.713 1.732.129 3.222-3.947 3.712-9.489 9.992-10.077 11.862-.801 2.55-1.955 16.315-3.461 41.294zm-97.316 16.499l-13.34-20.239c-4.468-3.158-7.999-6.35-10.593-9.575-.522-1.01-.937-2.824 2.232-1.385 3.169 1.439 6.567 2.808 7.427 1.846.86-.962-.622-3.025.841-4.213.976-.792 2.915 2.788 5.819 10.738l15.345 14.184-7.731 8.644z"/>
                <path fill="url(#v)" d="M67.037 47.893l7.225-3.09c12.283 24.131 29.453 47.018 56.388 65.264l-5.285 11.187c-23.23-10.986-42.13-19.725-52.316-38.366-3.419-6.256-5.562-27.196-6.012-34.995z" transform="rotate(-20 597.868 -2053.292)"/>
                <path fill="#191847" d="M929.408 188.906c-19.352 7.423-35.024 11.623-47.017 12.598-1.486.121-2.338-2.165-2.107-3.933 3.586-27.533 4.805-51.046.19-68.266 2.129.433 5.451-.307 9.968-2.22 17.368 14.367 28.62 33.175 38.966 61.821z"/>
                <path fill="url(#w)" d="M35.84 172.759l46.685.542c-12.337-32.65-10.27-74.209-10.7-81.69h-6.437C52.039 122.11 31.11 144.631 35.84 172.76z" transform="scale(-1 1) rotate(15 -539.285 -3536.114)"/>
                <path fill="#EF394E" d="M896.112 161.299C921.03 135.5 932.842 101.98 931.55 60.74l-12.899.17c-2.106 30.352-11.292 53.379-24.733 63.637l-5.973 1.618 8.167 35.133z"/>
            </g>
        </g>
    </g>
</svg>
