<?xml version="1.0" encoding="UTF-8"?>
<svg width="84px" height="89px" viewBox="0 0 84 89" version="1.1" xmlns="http://www.w3.org/2000/svg" xmlns:xlink="http://www.w3.org/1999/xlink">
    <!-- Generator: Sketch 59.1 (86144) - https://sketch.com -->
    <title>c2</title>
    <desc>Created with Sketch.</desc>
    <g id="Main" stroke="none" stroke-width="1" fill="none" fill-rule="evenodd">
        <g id="Mobile-Digiclub-HomePage-" transform="translate(-242.000000, -2886.000000)">
            <g id="Links" transform="translate(34.000000, 2251.000000)">
                <g id="Links-BG">
                    <g id="c2" transform="translate(207.000000, 635.000000)">
                        <circle id="Oval" fill="#FBDB51" cx="91" cy="25" r="25"></circle>
                        <circle id="Oval" fill="#EF5662" cx="55" cy="101" r="55"></circle>
                    </g>
                </g>
            </g>
        </g>
    </g>
</svg>